# to-update redirects
/   /F22    302
/current/*  /F21/:splat 302

# old redirects
/content/*  /F20/content/:splat 302
/assignments/*  /F20/assignments/:splat 302
/resources/*    /F20/resources/:splat   302

# one-time redirects
/syllabus/      /F20/syllabus/  301
/schedule/      /F20/schedule/  301

# content moves
/f21/week9/BadRegression/* /f21/resources/tutorials/MinimizeRegression/:splat
/f21/week9/OverfittingSimulation/* /f21/resources/tutorials/OverfittingSimulation/:splat
